"","term","estimate","std.error","p.value","estimate","std.error","p.value","estimate","std.error","p.value"
"1","First Diag. is MCI",1.42909101999831,0.555603651288949,0.0101071672200761,2.94122216736975,0.569029185177411,2.35548447553494e-07,3.69296032304425,0.793569228840218,3.26176213371487e-06
"2","Age at Start",0.0643487231601792,0.00517470407944094,1.682200993796e-35,0.0622416835196592,0.00515238561706901,1.3444486238629e-33,0.0673877305149165,0.00745846714443896,1.63905983562907e-19
"3","MCI * Age Interaction",-0.0209527935250083,0.00698210866785718,0.00269159702687395,-0.0338821033343763,0.00715371002169615,2.17657343889091e-06,-0.0419288011759361,0.0100186699622874,2.85082487155488e-05
